purchase_id,student_id,plan_id,date_start,date_end,paid_q2_2021,paid_q2_2022
2,139664,0,1/27/2020,2/27/2020,0,0
4,6366,2,1/28/2020,1/28/2021,0,0
6,24897,0,1/29/2020,2/29/2020,0,0
9,31627,0,1/29/2020,2/29/2020,0,0
10,72381,0,1/31/2020,2/29/2020,0,0
11,26416,0,1/31/2020,2/29/2020,0,0
12,4698,0,1/31/2020,2/29/2020,0,0
13,2622,2,2/1/2020,2/1/2021,0,0
14,2714,2,2/1/2020,2/1/2021,0,0
15,23694,0,2/2/2020,3/2/2020,0,0
16,2851,2,2/2/2020,2/2/2021,0,0
17,22735,0,2/2/2020,3/2/2020,0,0
18,135384,0,2/3/2020,3/3/2020,0,0
21,3755,2,2/4/2020,2/4/2021,0,0
22,3630,2,2/4/2020,2/4/2021,0,0
24,12387,0,2/5/2020,3/5/2020,0,0
25,6899,2,2/5/2020,2/5/2021,0,0
26,135382,0,2/7/2020,3/7/2020,0,0
27,135383,0,2/7/2020,3/7/2020,0,0
28,3565,2,2/8/2020,2/8/2021,0,0
29,35511,0,2/8/2020,3/8/2020,0,0
30,51952,0,2/8/2020,3/8/2020,0,0
31,9101,2,2/9/2020,2/9/2021,0,0
32,3783,2,2/9/2020,2/9/2021,0,0
33,139837,0,2/10/2020,3/10/2020,0,0
34,139836,0,2/11/2020,3/11/2020,0,0
36,139815,0,2/11/2020,3/11/2020,0,0
37,2481,2,2/11/2020,2/11/2021,0,0
38,139775,2,2/11/2020,2/11/2021,0,0
39,43313,0,2/13/2020,3/13/2020,0,0
40,5235,2,2/14/2020,2/14/2021,0,0
41,2633,2,2/14/2020,2/14/2021,0,0
42,36407,0,2/14/2020,3/14/2020,0,0
43,111756,0,2/15/2020,3/15/2020,0,0
44,109048,0,2/15/2020,3/15/2020,0,0
45,19477,2,2/15/2020,2/15/2021,0,0
46,5325,2,2/15/2020,2/15/2021,0,0
47,23811,2,2/16/2020,2/16/2021,0,0
48,94985,0,2/16/2020,3/16/2020,0,0
49,19342,2,2/16/2020,2/16/2021,0,0
50,134790,2,2/17/2020,2/17/2021,0,0
51,100885,0,2/17/2020,3/17/2020,0,0
52,2377,2,2/17/2020,2/17/2021,0,0
53,57432,0,2/17/2020,3/17/2020,0,0
54,138863,0,2/17/2020,3/17/2020,0,0
55,32002,0,2/17/2020,3/17/2020,0,0
56,2704,2,2/18/2020,2/18/2021,0,0
57,139757,0,2/18/2020,3/18/2020,0,0
58,108763,0,2/18/2020,3/18/2020,0,0
59,104986,0,2/18/2020,3/18/2020,0,0
60,135381,0,2/18/2020,3/18/2020,0,0
61,6643,0,2/18/2020,3/18/2020,0,0
62,1544,2,2/18/2020,2/18/2021,0,0
63,4685,2,2/19/2020,2/19/2021,0,0
64,134839,0,2/19/2020,3/19/2020,0,0
65,21966,0,2/19/2020,3/19/2020,0,0
66,28074,0,2/19/2020,3/19/2020,0,0
67,5339,2,2/19/2020,2/19/2021,0,0
68,14303,0,2/20/2020,3/20/2020,0,0
69,25401,0,2/21/2020,3/21/2020,0,0
70,12142,2,2/21/2020,2/21/2021,0,0
71,18240,0,2/22/2020,3/22/2020,0,0
72,8081,2,2/22/2020,2/22/2021,0,0
73,1698,2,2/22/2020,2/22/2021,0,0
74,3120,2,2/22/2020,2/22/2021,0,0
75,139312,0,2/23/2020,3/23/2020,0,0
76,22300,0,2/23/2020,3/23/2020,0,0
77,1521,2,2/23/2020,2/23/2021,0,0
78,12092,0,2/24/2020,3/24/2020,0,0
79,134798,0,2/24/2020,3/24/2020,0,0
80,134799,0,2/24/2020,3/24/2020,0,0
82,109870,0,2/25/2020,3/25/2020,0,0
83,7100,0,2/25/2020,3/25/2020,0,0
84,10194,2,2/25/2020,2/25/2021,0,0
85,14543,0,2/25/2020,3/25/2020,0,0
86,19018,0,2/26/2020,3/26/2020,0,0
87,134801,0,2/26/2020,3/26/2020,0,0
88,19784,2,2/27/2020,2/27/2021,0,0
89,32237,2,2/27/2020,2/27/2021,0,0
90,65759,2,2/27/2020,2/27/2021,0,0
91,134803,0,2/27/2020,3/27/2020,0,0
92,10131,0,2/27/2020,3/27/2020,0,0
93,34293,0,2/28/2020,3/28/2020,0,0
94,134806,0,2/28/2020,3/28/2020,0,0
95,7548,2,2/28/2020,2/28/2021,0,0
96,19979,0,2/28/2020,3/28/2020,0,0
97,24246,0,2/29/2020,3/29/2020,0,0
98,24897,0,2/29/2020,3/29/2020,0,0
99,72381,0,2/29/2020,3/29/2020,0,0
100,26416,0,2/29/2020,3/29/2020,0,0
102,31627,0,2/29/2020,3/29/2020,0,0
104,134808,0,2/29/2020,3/29/2020,0,0
105,134809,2,2/29/2020,2/28/2021,0,0
106,96894,0,2/29/2020,3/29/2020,0,0
107,134810,0,3/1/2020,4/1/2020,0,0
108,6589,2,3/1/2020,3/1/2021,0,0
109,71249,0,3/1/2020,4/1/2020,0,0
110,18222,0,3/2/2020,4/2/2020,0,0
111,23694,0,3/2/2020,4/2/2020,0,0
112,134813,0,3/2/2020,4/2/2020,0,0
113,22118,0,3/2/2020,4/2/2020,0,0
114,22735,0,3/2/2020,4/2/2020,0,0
115,134814,0,3/2/2020,4/2/2020,0,0
116,73179,0,3/2/2020,4/2/2020,0,0
117,18378,2,3/2/2020,3/2/2021,0,0
118,3969,3,3/2/2020,8/22/2026,1,1
119,134815,0,3/2/2020,4/2/2020,0,0
120,15328,2,3/2/2020,3/2/2021,0,0
121,134816,2,3/2/2020,3/2/2021,0,0
122,135384,0,3/3/2020,4/3/2020,0,0
125,134817,0,3/3/2020,4/3/2020,0,0
126,134818,2,3/4/2020,3/4/2021,0,0
127,6401,0,3/4/2020,4/4/2020,0,0
128,19391,0,3/5/2020,4/5/2020,0,0
129,12387,0,3/5/2020,4/5/2020,0,0
130,2645,2,3/5/2020,3/5/2021,0,0
131,134825,0,3/5/2020,4/5/2020,0,0
133,1924,0,3/6/2020,4/6/2020,0,0
134,13497,0,3/6/2020,4/6/2020,0,0
135,122752,2,3/6/2020,3/6/2021,0,0
136,5913,0,3/6/2020,4/6/2020,0,0
137,21449,0,3/7/2020,4/7/2020,0,0
138,135382,0,3/7/2020,4/7/2020,0,0
139,135383,0,3/7/2020,4/7/2020,0,0
140,9508,2,3/7/2020,3/7/2021,0,0
141,14806,0,3/7/2020,4/7/2020,0,0
142,26371,0,3/8/2020,4/8/2020,0,0
143,35511,0,3/8/2020,4/8/2020,0,0
144,51952,0,3/8/2020,4/8/2020,0,0
145,2609,0,3/9/2020,4/9/2020,0,0
146,1661,2,3/9/2020,3/9/2021,0,0
147,3221,0,3/9/2020,4/9/2020,0,0
148,28900,0,3/10/2020,4/10/2020,0,0
149,134833,0,3/10/2020,4/10/2020,0,0
150,134834,0,3/10/2020,4/10/2020,0,0
151,11794,0,3/10/2020,4/10/2020,0,0
153,9598,0,3/11/2020,4/11/2020,0,0
155,30122,0,3/11/2020,4/11/2020,0,0
156,18523,2,3/11/2020,3/11/2021,0,0
157,1845,2,3/11/2020,3/11/2021,0,0
158,63905,0,3/13/2020,4/13/2020,0,0
159,43313,0,3/13/2020,4/13/2020,0,0
160,6808,0,3/13/2020,4/13/2020,0,0
161,22943,0,3/14/2020,4/14/2020,0,0
162,25173,0,3/14/2020,4/14/2020,0,0
163,25173,0,3/14/2020,4/14/2020,0,0
164,111756,0,3/15/2020,4/15/2020,0,0
165,109048,0,3/15/2020,4/15/2020,0,0
166,10338,2,3/15/2020,3/15/2021,0,0
167,25243,2,3/15/2020,3/15/2021,0,0
168,94985,0,3/16/2020,4/16/2020,0,0
170,1295,2,3/16/2020,3/16/2021,0,0
171,51865,0,3/16/2020,4/16/2020,0,0
172,134840,0,3/16/2020,4/16/2020,0,0
173,31880,0,3/17/2020,4/17/2020,0,0
174,778,2,3/17/2020,3/17/2021,0,0
175,100885,0,3/17/2020,4/17/2020,0,0
176,57432,0,3/17/2020,4/17/2020,0,0
177,32002,0,3/17/2020,4/17/2020,0,0
178,16292,2,3/17/2020,3/17/2021,0,0
179,18816,0,3/17/2020,4/17/2020,0,0
180,134841,0,3/17/2020,4/17/2020,0,0
181,22660,0,3/17/2020,4/17/2020,0,0
182,134842,2,3/18/2020,3/18/2021,0,0
183,15015,2,3/18/2020,3/18/2021,0,0
184,108763,0,3/18/2020,4/18/2020,0,0
185,104986,0,3/18/2020,4/18/2020,0,0
186,135381,0,3/18/2020,4/18/2020,0,0
187,6643,0,3/18/2020,4/18/2020,0,0
188,13169,2,3/19/2020,3/19/2021,0,0
189,21966,0,3/19/2020,4/19/2020,0,0
190,28074,0,3/19/2020,4/19/2020,0,0
191,135298,3,3/19/2020,8/22/2026,1,1
192,1562,2,3/20/2020,3/20/2021,0,0
193,14303,0,3/20/2020,4/20/2020,0,0
194,2437,2,3/21/2020,3/21/2021,0,0
195,26051,0,3/21/2020,4/21/2020,0,0
196,25401,0,3/21/2020,4/21/2020,0,0
197,9444,0,3/21/2020,4/21/2020,0,0
198,18240,0,3/22/2020,4/22/2020,0,0
199,2521,3,3/22/2020,8/22/2026,1,1
200,22300,0,3/23/2020,4/23/2020,0,0
201,17885,0,3/23/2020,4/23/2020,0,0
202,9181,2,3/24/2020,3/24/2021,0,0
203,12092,0,3/24/2020,4/24/2020,0,0
204,134798,0,3/24/2020,4/24/2020,0,0
205,134928,0,3/24/2020,4/24/2020,0,0
206,109870,0,3/25/2020,4/25/2020,0,0
207,7100,0,3/25/2020,4/25/2020,0,0
208,14543,0,3/25/2020,4/25/2020,0,0
209,1206,2,3/25/2020,3/25/2021,0,0
210,25199,0,3/25/2020,4/25/2020,0,0
211,13887,2,3/25/2020,3/25/2021,0,0
212,1141,2,3/26/2020,3/26/2021,0,0
213,19018,0,3/26/2020,4/26/2020,0,0
214,3486,2,3/26/2020,3/26/2021,0,0
215,19178,2,3/26/2020,3/26/2021,0,0
216,8569,2,3/26/2020,3/26/2021,0,0
217,7552,2,3/26/2020,3/26/2021,0,0
218,13478,2,3/26/2020,3/26/2021,0,0
219,21028,0,3/26/2020,4/26/2020,0,0
220,10131,0,3/27/2020,4/27/2020,0,0
221,10171,2,3/27/2020,3/27/2021,0,0
222,10211,2,3/27/2020,3/27/2021,0,0
223,22247,0,3/27/2020,4/27/2020,0,0
224,16632,2,3/28/2020,3/28/2021,0,0
225,34293,0,3/28/2020,4/28/2020,0,0
226,19979,0,3/28/2020,4/28/2020,0,0
227,24897,0,3/29/2020,4/29/2020,0,0
228,31627,0,3/29/2020,4/29/2020,0,0
229,24246,0,3/29/2020,4/29/2020,0,0
230,72381,0,3/29/2020,4/29/2020,0,0
232,93899,2,3/29/2020,3/29/2021,0,0
233,7724,2,3/29/2020,3/29/2021,0,0
234,2088,2,3/30/2020,3/30/2021,0,0
235,4035,2,3/30/2020,3/30/2021,0,0
236,1311,2,3/30/2020,3/30/2021,0,0
237,23974,2,3/31/2020,3/31/2021,0,0
238,3321,2,3/31/2020,3/31/2021,0,0
239,2495,2,3/31/2020,3/31/2021,0,0
240,99450,2,3/31/2020,3/31/2021,0,0
241,13435,2,3/31/2020,3/31/2021,0,0
242,52147,0,3/31/2020,4/30/2020,0,0
243,6871,2,3/31/2020,3/31/2021,0,0
246,31723,2,4/1/2020,4/1/2021,1,0
247,6248,2,4/1/2020,4/1/2021,1,0
248,13289,2,4/2/2020,4/2/2021,1,0
249,4004,2,4/2/2020,4/2/2021,1,0
250,18362,2,4/2/2020,4/2/2021,1,0
251,23694,0,4/2/2020,5/2/2020,0,0
252,18222,0,4/2/2020,5/2/2020,0,0
253,135407,2,4/2/2020,4/2/2021,1,0
254,10138,2,4/2/2020,4/2/2021,1,0
255,7015,2,4/2/2020,4/2/2021,1,0
256,2130,2,4/2/2020,4/2/2021,1,0
257,2270,2,4/2/2020,4/2/2021,1,0
258,2428,2,4/2/2020,4/2/2021,1,0
259,921,2,4/3/2020,4/3/2021,1,0
260,8875,2,4/3/2020,4/3/2021,1,0
261,10555,0,4/3/2020,5/3/2020,0,0
262,1623,2,4/3/2020,4/3/2021,1,0
263,135384,0,4/3/2020,5/3/2020,0,0
266,4006,2,4/3/2020,4/3/2021,1,0
267,62446,0,4/3/2020,5/3/2020,0,0
268,2314,2,4/3/2020,4/3/2021,1,0
271,11113,2,4/3/2020,4/3/2021,1,0
272,12971,2,4/3/2020,4/3/2021,1,0
273,3514,2,4/3/2020,4/3/2021,1,0
274,30089,2,4/3/2020,4/3/2021,1,0
275,2303,0,4/4/2020,5/4/2020,0,0
276,16653,2,4/4/2020,4/4/2021,1,0
277,6261,2,4/4/2020,4/4/2021,1,0
278,90821,2,4/4/2020,4/4/2021,1,0
279,2807,2,4/4/2020,4/4/2021,1,0
280,27890,2,4/4/2020,4/4/2021,1,0
281,123487,2,4/4/2020,4/4/2021,1,0
282,1569,2,4/4/2020,4/4/2021,1,0
283,986,2,4/4/2020,4/4/2021,1,0
284,6401,0,4/4/2020,5/4/2020,0,0
285,135496,0,4/4/2020,5/4/2020,0,0
286,8734,2,4/4/2020,4/4/2021,1,0
287,7149,0,4/4/2020,5/4/2020,0,0
288,14786,2,4/4/2020,4/4/2021,1,0
289,8485,2,4/4/2020,4/4/2021,1,0
290,9051,2,4/4/2020,4/4/2021,1,0
291,1789,2,4/4/2020,4/4/2021,1,0
292,4236,2,4/4/2020,4/4/2021,1,0
293,7782,2,4/5/2020,4/5/2021,1,0
294,5684,2,4/5/2020,4/5/2021,1,0
295,134817,0,4/5/2020,5/5/2020,0,0
296,2904,2,4/5/2020,4/5/2021,1,0
297,10422,2,4/5/2020,4/5/2021,1,0
298,118305,2,4/5/2020,4/5/2021,1,0
299,12029,2,4/5/2020,4/5/2021,1,0
300,110887,2,4/5/2020,4/5/2021,1,0
301,12387,0,4/5/2020,5/5/2020,0,0
302,17554,2,4/5/2020,4/5/2021,1,0
303,4019,2,4/5/2020,4/5/2021,1,0
304,6421,2,4/5/2020,4/5/2021,1,0
305,111643,2,4/5/2020,4/5/2021,1,0
306,4833,2,4/6/2020,4/6/2021,1,0
307,1924,0,4/6/2020,5/6/2020,0,0
308,13497,0,4/6/2020,5/6/2020,0,0
309,5913,0,4/6/2020,5/6/2020,0,0
310,7881,2,4/6/2020,4/6/2021,1,0
311,9096,2,4/6/2020,4/6/2021,1,0
312,99493,2,4/6/2020,4/6/2021,1,0
313,31309,2,4/7/2020,4/7/2021,1,0
314,135383,0,4/7/2020,5/7/2020,0,0
315,14806,0,4/7/2020,5/7/2020,0,0
316,14649,2,4/7/2020,4/7/2021,1,0
317,3712,0,4/7/2020,5/7/2020,0,0
318,7452,2,4/7/2020,4/7/2021,1,0
319,4034,2,4/7/2020,4/7/2021,1,0
320,29912,0,4/7/2020,5/7/2020,0,0
321,83383,2,4/7/2020,4/7/2021,1,0
322,12242,2,4/7/2020,4/7/2021,1,0
323,60468,2,4/7/2020,4/7/2021,1,0
324,1018,2,4/7/2020,4/7/2021,1,0
325,1318,2,4/7/2020,4/7/2021,1,0
326,6252,2,4/7/2020,4/7/2021,1,0
327,24240,0,4/8/2020,5/8/2020,0,0
328,6481,2,4/8/2020,4/8/2021,1,0
329,3598,2,4/8/2020,4/8/2021,1,0
330,15498,2,4/8/2020,4/8/2021,1,0
331,11536,2,4/8/2020,4/8/2021,1,0
332,15042,2,4/8/2020,4/8/2021,1,0
333,66289,2,4/8/2020,4/8/2021,1,0
334,10167,2,4/8/2020,4/8/2021,1,0
335,51952,0,4/8/2020,5/8/2020,0,0
336,26371,0,4/8/2020,5/8/2020,0,0
337,35511,0,4/8/2020,5/8/2020,0,0
338,38354,2,4/8/2020,4/8/2021,1,0
340,1785,2,4/8/2020,4/8/2021,1,0
341,14905,2,4/8/2020,4/8/2021,1,0
342,3048,2,4/8/2020,4/8/2021,1,0
343,8622,2,4/8/2020,4/8/2021,1,0
344,140469,2,4/8/2020,4/8/2021,1,0
345,3519,2,4/8/2020,4/8/2021,1,0
346,27104,2,4/8/2020,4/8/2021,1,0
347,2852,2,4/9/2020,4/9/2021,1,0
348,101775,2,4/9/2020,4/9/2021,1,0
349,2903,2,4/9/2020,4/9/2021,1,0
350,142205,2,4/9/2020,4/9/2021,1,0
351,11032,2,4/9/2020,4/9/2021,1,0
352,4692,2,4/9/2020,4/9/2021,1,0
353,63971,2,4/9/2020,4/9/2021,1,0
354,9915,2,4/9/2020,4/9/2021,1,0
357,23268,2,4/9/2020,4/9/2021,1,0
358,23799,2,4/9/2020,4/9/2021,1,0
360,14425,2,4/9/2020,4/9/2021,1,0
361,931,2,4/9/2020,4/9/2021,1,0
364,25831,2,4/9/2020,4/9/2021,1,0
365,14525,2,4/9/2020,4/9/2021,1,0
366,19739,2,4/9/2020,4/9/2021,1,0
367,24324,2,4/9/2020,4/9/2021,1,0
369,841,2,4/9/2020,4/9/2021,1,0
371,8946,2,4/9/2020,4/9/2021,1,0
372,142220,0,4/10/2020,5/10/2020,0,0
373,1803,2,4/10/2020,4/10/2021,1,0
374,15902,2,4/10/2020,4/10/2021,1,0
375,1900,2,4/10/2020,4/10/2021,1,0
376,32205,2,4/10/2020,4/10/2021,1,0
377,2299,2,4/10/2020,4/10/2021,1,0
378,11794,0,4/10/2020,5/10/2020,0,0
379,28900,0,4/10/2020,5/10/2020,0,0
380,16529,0,4/10/2020,5/10/2020,0,0
381,22279,0,4/10/2020,5/10/2020,0,0
382,19369,2,4/10/2020,4/10/2021,1,0
383,1931,2,4/10/2020,4/10/2021,1,0
384,5676,2,4/10/2020,4/10/2021,1,0
385,4590,2,4/10/2020,4/10/2021,1,0
395,5836,2,4/10/2020,4/10/2021,1,0
396,4976,2,4/11/2020,4/11/2021,1,0
397,5655,2,4/11/2020,4/11/2021,1,0
398,2999,2,4/11/2020,4/11/2021,1,0
399,2410,2,4/11/2020,4/11/2021,1,0
400,4143,2,4/11/2020,4/11/2021,1,0
401,9598,0,4/11/2020,5/11/2020,0,0
403,1019,2,4/11/2020,4/11/2021,1,0
404,15258,2,4/11/2020,4/11/2021,1,0
405,1070,2,4/11/2020,4/11/2021,1,0
406,7848,2,4/11/2020,4/11/2021,1,0
407,9794,2,4/11/2020,4/11/2021,1,0
408,11575,2,4/12/2020,4/12/2021,1,0
409,15500,2,4/12/2020,4/12/2021,1,0
410,2685,2,4/12/2020,4/12/2021,1,0
411,3369,0,4/12/2020,5/12/2020,0,0
412,9387,0,4/12/2020,5/12/2020,0,0
413,9894,2,4/12/2020,4/12/2021,1,0
414,86545,2,4/12/2020,4/12/2021,1,0
415,4861,2,4/12/2020,4/12/2021,1,0
416,38111,2,4/13/2020,4/13/2021,1,0
417,14945,2,4/13/2020,4/13/2021,1,0
418,30122,0,4/13/2020,5/13/2020,0,0
419,13810,2,4/13/2020,4/13/2021,1,0
420,54542,2,4/13/2020,4/13/2021,1,0
421,23019,2,4/13/2020,4/13/2021,1,0
425,62960,2,4/13/2020,4/13/2021,1,0
426,6808,0,4/13/2020,5/13/2020,0,0
427,70522,2,4/13/2020,4/13/2021,1,0
428,3549,2,4/13/2020,4/13/2021,1,0
429,3939,2,4/13/2020,4/13/2021,1,0
430,9972,2,4/13/2020,4/13/2021,1,0
431,12442,2,4/13/2020,4/13/2021,1,0
432,16421,2,4/13/2020,4/13/2021,1,0
433,26958,2,4/13/2020,4/13/2021,1,0
434,34097,2,4/13/2020,4/13/2021,1,0
435,7978,2,4/13/2020,4/13/2021,1,0
436,2987,2,4/13/2020,4/13/2021,1,0
437,7521,2,4/13/2020,4/13/2021,1,0
438,20645,2,4/13/2020,4/13/2021,1,0
439,22418,2,4/13/2020,4/13/2021,1,0
440,3286,2,4/13/2020,4/13/2021,1,0
441,2868,2,4/13/2020,4/13/2021,1,0
442,8410,2,4/13/2020,4/13/2021,1,0
443,10176,2,4/13/2020,4/13/2021,1,0
444,41086,2,4/13/2020,4/13/2021,1,0
445,3996,2,4/13/2020,4/13/2021,1,0
446,2417,2,4/13/2020,4/13/2021,1,0
447,10885,2,4/13/2020,4/13/2021,1,0
448,9582,2,4/13/2020,4/13/2021,1,0
450,9128,2,4/13/2020,4/13/2021,1,0
451,20174,0,4/14/2020,5/14/2020,0,0
452,780,2,4/14/2020,4/14/2021,1,0
453,12989,2,4/14/2020,4/14/2021,1,0
454,2653,2,4/14/2020,4/14/2021,1,0
455,11920,2,4/14/2020,4/14/2021,1,0
456,19868,0,4/14/2020,5/14/2020,0,0
458,20701,2,4/14/2020,4/14/2021,1,0
459,3631,2,4/14/2020,4/14/2021,1,0
460,7381,2,4/14/2020,4/14/2021,1,0
461,25173,0,4/14/2020,5/14/2020,0,0
462,25173,0,4/14/2020,5/14/2020,0,0
463,8600,2,4/14/2020,4/14/2021,1,0
464,22943,0,4/14/2020,5/14/2020,0,0
465,13464,2,4/14/2020,4/14/2021,1,0
466,12857,2,4/14/2020,4/14/2021,1,0
467,877,2,4/14/2020,4/14/2021,1,0
468,1602,2,4/14/2020,4/14/2021,1,0
469,3618,2,4/14/2020,4/14/2021,1,0
470,3684,2,4/14/2020,4/14/2021,1,0
471,8673,2,4/14/2020,4/14/2021,1,0
472,50305,2,4/14/2020,4/14/2021,1,0
473,1935,2,4/14/2020,4/14/2021,1,0
474,36339,2,4/14/2020,4/14/2021,1,0
475,31769,0,4/14/2020,5/14/2020,0,0
476,22911,0,4/14/2020,5/14/2020,0,0
484,26601,2,4/14/2020,4/14/2021,1,0
485,31628,2,4/14/2020,4/14/2021,1,0
486,12890,2,4/14/2020,4/14/2021,1,0
487,34822,2,4/14/2020,4/14/2021,1,0
488,30944,2,4/14/2020,4/14/2021,1,0
489,12589,2,4/14/2020,4/14/2021,1,0
490,998,2,4/14/2020,4/14/2021,1,0
491,3840,2,4/14/2020,4/14/2021,1,0
492,2223,2,4/14/2020,4/14/2021,1,0
493,37860,2,4/14/2020,4/14/2021,1,0
494,2262,2,4/14/2020,4/14/2021,1,0
495,5943,2,4/14/2020,4/14/2021,1,0
496,4560,2,4/14/2020,4/14/2021,1,0
497,12159,2,4/14/2020,4/14/2021,1,0
500,1818,2,4/14/2020,4/14/2021,1,0
501,5340,2,4/14/2020,4/14/2021,1,0
502,2684,2,4/14/2020,4/14/2021,1,0
503,3858,2,4/14/2020,4/14/2021,1,0
504,25674,2,4/15/2020,4/15/2021,1,0
505,959,2,4/15/2020,4/15/2021,1,0
506,7194,0,4/15/2020,5/15/2020,0,0
507,2409,2,4/15/2020,4/15/2021,1,0
508,824,2,4/15/2020,4/15/2021,1,0
509,23287,2,4/15/2020,4/15/2021,1,0
510,2819,2,4/15/2020,4/15/2021,1,0
511,23498,2,4/15/2020,4/15/2021,1,0
512,20523,2,4/15/2020,4/15/2021,1,0
513,54946,2,4/15/2020,4/15/2021,1,0
514,89035,2,4/15/2020,4/15/2021,1,0
515,14347,2,4/15/2020,4/15/2021,1,0
516,18554,0,4/15/2020,5/15/2020,0,0
517,11661,0,4/15/2020,5/15/2020,0,0
518,7495,2,4/15/2020,4/15/2021,1,0
519,3914,2,4/15/2020,4/15/2021,1,0
520,15859,2,4/15/2020,4/15/2021,1,0
521,9380,2,4/15/2020,4/15/2021,1,0
522,5714,2,4/15/2020,4/15/2021,1,0
523,27832,0,4/15/2020,5/15/2020,0,0
524,15345,2,4/15/2020,4/15/2021,1,0
525,3160,2,4/15/2020,4/15/2021,1,0
526,4609,2,4/15/2020,4/15/2021,1,0
527,880,2,4/15/2020,4/15/2021,1,0
528,56461,2,4/15/2020,4/15/2021,1,0
529,1081,2,4/15/2020,4/15/2021,1,0
530,8874,2,4/15/2020,4/15/2021,1,0
531,5050,2,4/15/2020,4/15/2021,1,0
532,13067,2,4/15/2020,4/15/2021,1,0
533,25863,2,4/15/2020,4/15/2021,1,0
534,7994,2,4/15/2020,4/15/2021,1,0
535,1867,2,4/15/2020,4/15/2021,1,0
536,3577,2,4/15/2020,4/15/2021,1,0
537,16171,0,4/15/2020,5/15/2020,0,0
538,5704,2,4/15/2020,4/15/2021,1,0
539,954,2,4/15/2020,4/15/2021,1,0
540,16450,2,4/15/2020,4/15/2021,1,0
541,21124,2,4/15/2020,4/15/2021,1,0
542,7282,2,4/15/2020,4/15/2021,1,0
543,7334,0,4/15/2020,5/15/2020,0,0
544,3780,2,4/15/2020,4/15/2021,1,0
545,8992,2,4/15/2020,4/15/2021,1,0
546,27077,2,4/15/2020,4/15/2021,1,0
547,884,2,4/15/2020,4/15/2021,1,0
548,3012,2,4/15/2020,4/15/2021,1,0
549,19005,2,4/15/2020,4/15/2021,1,0
550,7094,2,4/15/2020,4/15/2021,1,0
551,17132,2,4/15/2020,4/15/2021,1,0
552,1363,2,4/15/2020,4/15/2021,1,0
553,7107,2,4/15/2020,4/15/2021,1,0
554,1385,2,4/15/2020,4/15/2021,1,0
555,6278,2,4/15/2020,4/15/2021,1,0
556,13223,2,4/15/2020,4/15/2021,1,0
557,10002,0,4/15/2020,5/15/2020,0,0
558,817,2,4/15/2020,4/15/2021,1,0
559,2304,2,4/15/2020,4/15/2021,1,0
560,48027,2,4/16/2020,4/16/2021,1,0
561,8825,2,4/16/2020,4/16/2021,1,0
562,26866,2,4/16/2020,4/16/2021,1,0
563,7358,2,4/16/2020,4/16/2021,1,0
564,5554,2,4/16/2020,4/16/2021,1,0
565,4220,2,4/16/2020,4/16/2021,1,0
566,973,2,4/16/2020,4/16/2021,1,0
567,9119,2,4/16/2020,4/16/2021,1,0
568,1309,2,4/16/2020,4/16/2021,1,0
569,77397,2,4/16/2020,4/16/2021,1,0
570,40507,0,4/16/2020,5/16/2020,0,0
571,17743,2,4/16/2020,4/16/2021,1,0
572,7294,2,4/16/2020,4/16/2021,1,0
573,4961,2,4/16/2020,4/16/2021,1,0
574,35740,2,4/16/2020,4/16/2021,1,0
575,2124,2,4/16/2020,4/16/2021,1,0
576,42972,2,4/16/2020,4/16/2021,1,0
577,14667,2,4/16/2020,4/16/2021,1,0
578,4506,2,4/16/2020,4/16/2021,1,0
579,8183,0,4/16/2020,5/16/2020,0,0
580,92165,2,4/16/2020,4/16/2021,1,0
581,11386,2,4/16/2020,4/16/2021,1,0
582,6935,2,4/16/2020,4/16/2021,1,0
583,22381,0,4/16/2020,5/16/2020,0,0
584,10393,0,4/16/2020,5/16/2020,0,0
585,11584,0,4/16/2020,5/16/2020,0,0
586,3529,0,4/16/2020,5/16/2020,0,0
587,6579,2,4/16/2020,4/16/2021,1,0
588,26779,0,4/16/2020,5/16/2020,0,0
589,6167,2,4/16/2020,4/16/2021,1,0
590,1474,0,4/16/2020,5/16/2020,0,0
591,42992,2,4/16/2020,4/16/2021,1,0
592,20186,0,4/16/2020,5/16/2020,0,0
593,27283,0,4/16/2020,5/16/2020,0,0
594,1820,2,4/16/2020,4/16/2021,1,0
595,41807,0,4/16/2020,5/16/2020,0,0
596,4164,2,4/16/2020,4/16/2021,1,0
598,51865,0,4/16/2020,5/16/2020,0,0
599,134840,0,4/16/2020,5/16/2020,0,0
600,19389,0,4/16/2020,5/16/2020,0,0
601,2906,2,4/16/2020,4/16/2021,1,0
602,35655,2,4/16/2020,4/16/2021,1,0
603,33741,0,4/16/2020,5/16/2020,0,0
604,6281,2,4/16/2020,4/16/2021,1,0
606,4903,2,4/16/2020,4/16/2021,1,0
607,9252,2,4/16/2020,4/16/2021,1,0
608,42582,0,4/16/2020,5/16/2020,0,0
609,14101,2,4/16/2020,4/16/2021,1,0
610,62892,2,4/16/2020,4/16/2021,1,0
611,15463,2,4/16/2020,4/16/2021,1,0
612,32128,0,4/16/2020,5/16/2020,0,0
613,8863,2,4/16/2020,4/16/2021,1,0
614,1482,2,4/16/2020,4/16/2021,1,0
615,31760,2,4/16/2020,4/16/2021,1,0
616,31071,0,4/16/2020,5/16/2020,0,0
617,26831,0,4/16/2020,5/16/2020,0,0
618,28237,0,4/16/2020,5/16/2020,0,0
619,39829,2,4/16/2020,4/16/2021,1,0
620,11510,0,4/16/2020,5/16/2020,0,0
621,2636,2,4/16/2020,4/16/2021,1,0
622,12241,2,4/16/2020,4/16/2021,1,0
623,42126,0,4/16/2020,5/16/2020,0,0
624,26806,0,4/16/2020,5/16/2020,0,0
625,6155,2,4/16/2020,4/16/2021,1,0
626,23162,2,4/16/2020,4/16/2021,1,0
627,5838,2,4/16/2020,4/16/2021,1,0
628,26922,2,4/16/2020,4/16/2021,1,0
629,10504,2,4/16/2020,4/16/2021,1,0
631,7976,2,4/16/2020,4/16/2021,1,0
632,5993,2,4/16/2020,4/16/2021,1,0
633,7449,2,4/16/2020,4/16/2021,1,0
634,60729,2,4/16/2020,4/16/2021,1,0
635,79353,2,4/16/2020,4/16/2021,1,0
636,26949,0,4/16/2020,5/16/2020,0,0
637,1361,0,4/16/2020,5/16/2020,0,0
638,2236,2,4/16/2020,4/16/2021,1,0
639,18810,0,4/16/2020,5/16/2020,0,0
640,5405,2,4/16/2020,4/16/2021,1,0
641,1913,2,4/16/2020,4/16/2021,1,0
642,2002,2,4/16/2020,4/16/2021,1,0
643,2962,2,4/16/2020,4/16/2021,1,0
644,10489,2,4/16/2020,4/16/2021,1,0
645,1784,2,4/16/2020,4/16/2021,1,0
646,41613,2,4/16/2020,4/16/2021,1,0
647,11800,2,4/16/2020,4/16/2021,1,0
648,2894,2,4/16/2020,4/16/2021,1,0
649,2641,2,4/16/2020,4/16/2021,1,0
650,24606,0,4/16/2020,5/16/2020,0,0
651,26434,0,4/16/2020,5/16/2020,0,0
652,3016,0,4/16/2020,5/16/2020,0,0
653,9110,2,4/16/2020,4/16/2021,1,0
654,20635,2,4/16/2020,4/16/2021,1,0
655,11365,2,4/16/2020,4/16/2021,1,0
656,41462,2,4/16/2020,4/16/2021,1,0
657,36981,0,4/16/2020,5/16/2020,0,0
658,11128,2,4/16/2020,4/16/2021,1,0
659,41451,2,4/16/2020,4/16/2021,1,0
660,9036,2,4/16/2020,4/16/2021,1,0
661,1888,2,4/16/2020,4/16/2021,1,0
662,1599,2,4/16/2020,4/16/2021,1,0
663,10938,2,4/16/2020,4/16/2021,1,0
664,16566,0,4/16/2020,5/16/2020,0,0
665,21205,0,4/16/2020,5/16/2020,0,0
666,41358,2,4/16/2020,4/16/2021,1,0
667,1597,2,4/16/2020,4/16/2021,1,0
668,3496,2,4/16/2020,4/16/2021,1,0
669,23096,0,4/16/2020,5/16/2020,0,0
670,16646,0,4/16/2020,5/16/2020,0,0
671,14549,2,4/16/2020,4/16/2021,1,0
672,9428,0,4/16/2020,5/16/2020,0,0
673,26497,0,4/16/2020,5/16/2020,0,0
674,1141,2,4/16/2020,4/16/2021,1,0
675,10555,0,4/16/2020,5/16/2020,0,0
676,33269,2,4/16/2020,4/16/2021,1,0
678,32294,2,4/16/2020,4/16/2021,1,0
679,18302,2,4/16/2020,4/16/2021,1,0
680,967,2,4/16/2020,4/16/2021,1,0
681,7912,2,4/16/2020,4/16/2021,1,0
682,971,2,4/16/2020,4/16/2021,1,0
683,11793,2,4/16/2020,4/16/2021,1,0
684,2297,2,4/16/2020,4/16/2021,1,0
685,41052,0,4/16/2020,5/16/2020,0,0
687,3420,2,4/16/2020,4/16/2021,1,0
688,4837,0,4/16/2020,5/16/2020,0,0
689,2242,2,4/16/2020,4/16/2021,1,0
690,9988,2,4/16/2020,4/16/2021,1,0
691,99177,2,4/16/2020,4/16/2021,1,0
693,11327,2,4/16/2020,4/16/2021,1,0
694,6696,2,4/16/2020,4/16/2021,1,0
695,40943,2,4/16/2020,4/16/2021,1,0
696,35943,2,4/16/2020,4/16/2021,1,0
697,40889,0,4/16/2020,5/16/2020,0,0
698,2284,2,4/16/2020,4/16/2021,1,0
699,40865,2,4/16/2020,4/16/2021,1,0
700,1280,2,4/16/2020,4/16/2021,1,0
701,6952,2,4/16/2020,4/16/2021,1,0
702,5450,2,4/16/2020,4/16/2021,1,0
703,3897,2,4/16/2020,4/16/2021,1,0
704,3483,2,4/16/2020,4/16/2021,1,0
705,4606,2,4/16/2020,4/16/2021,1,0
706,25408,2,4/16/2020,4/16/2021,1,0
707,16716,0,4/16/2020,5/16/2020,0,0
708,17524,2,4/16/2020,4/16/2021,1,0
709,15635,0,4/16/2020,5/16/2020,0,0
710,22288,2,4/17/2020,4/17/2021,1,0
711,23487,0,4/17/2020,5/17/2020,0,0
712,3086,2,4/17/2020,4/17/2021,1,0
713,21615,0,4/17/2020,5/17/2020,0,0
714,29273,2,4/17/2020,4/17/2021,1,0
715,35160,2,4/17/2020,4/17/2021,1,0
716,27098,2,4/17/2020,4/17/2021,1,0
717,69139,2,4/17/2020,4/17/2021,1,0
718,18770,2,4/17/2020,4/17/2021,1,0
719,9061,2,4/17/2020,4/17/2021,1,0
721,63171,2,4/17/2020,4/17/2021,1,0
722,31110,0,4/17/2020,5/17/2020,0,0
723,2243,2,4/17/2020,4/17/2021,1,0
724,17678,2,4/17/2020,4/17/2021,1,0
725,1897,2,4/17/2020,4/17/2021,1,0
726,2300,2,4/17/2020,4/17/2021,1,0
727,100885,0,4/17/2020,5/17/2020,0,0
728,32002,0,4/17/2020,5/17/2020,0,0
729,2855,2,4/17/2020,4/17/2021,1,0
730,3753,0,4/17/2020,5/17/2020,0,0
731,4629,2,4/17/2020,4/17/2021,1,0
732,31880,0,4/17/2020,5/17/2020,0,0
733,35416,0,4/17/2020,5/17/2020,0,0
734,18816,0,4/17/2020,5/17/2020,0,0
735,134841,0,4/17/2020,5/17/2020,0,0
736,1636,2,4/17/2020,4/17/2021,1,0
737,19410,0,4/17/2020,5/17/2020,0,0
738,3874,2,4/17/2020,4/17/2021,1,0
739,20590,0,4/17/2020,5/17/2020,0,0
740,56674,2,4/17/2020,4/17/2021,1,0
741,3320,2,4/17/2020,4/17/2021,1,0
742,39426,2,4/17/2020,4/17/2021,1,0
743,27833,0,4/17/2020,5/17/2020,0,0
744,10718,2,4/17/2020,4/17/2021,1,0
745,23942,0,4/17/2020,5/17/2020,0,0
746,8973,2,4/17/2020,4/17/2021,1,0
747,11245,2,4/17/2020,4/17/2021,1,0
749,5178,2,4/17/2020,4/17/2021,1,0
750,7678,2,4/17/2020,4/17/2021,1,0
751,7539,0,4/17/2020,5/17/2020,0,0
752,1028,2,4/17/2020,4/17/2021,1,0
753,3974,2,4/17/2020,4/17/2021,1,0
754,6376,2,4/17/2020,4/17/2021,1,0
755,25992,2,4/17/2020,4/17/2021,1,0
756,1235,2,4/17/2020,4/17/2021,1,0
757,58539,2,4/17/2020,4/17/2021,1,0
758,27847,2,4/17/2020,4/17/2021,1,0
759,39132,0,4/17/2020,5/17/2020,0,0
760,5297,2,4/17/2020,4/17/2021,1,0
761,5749,2,4/17/2020,4/17/2021,1,0
762,13644,2,4/17/2020,4/17/2021,1,0
763,6788,2,4/17/2020,4/17/2021,1,0
764,25151,0,4/17/2020,5/17/2020,0,0
765,1799,2,4/17/2020,4/17/2021,1,0
766,2996,2,4/17/2020,4/17/2021,1,0
767,7306,2,4/17/2020,4/17/2021,1,0
768,65354,2,4/17/2020,4/17/2021,1,0
769,9513,2,4/17/2020,4/17/2021,1,0
770,10285,2,4/17/2020,4/17/2021,1,0
771,2271,2,4/17/2020,4/17/2021,1,0
772,9658,2,4/17/2020,4/17/2021,1,0
773,8494,2,4/17/2020,4/17/2021,1,0
774,17050,2,4/17/2020,4/17/2021,1,0
775,32583,0,4/17/2020,5/17/2020,0,0
776,106259,2,4/17/2020,4/17/2021,1,0
778,16914,2,4/17/2020,4/17/2021,1,0
779,10243,0,4/17/2020,5/17/2020,0,0
780,1747,2,4/18/2020,4/18/2021,1,0
781,9552,2,4/18/2020,4/18/2021,1,0
782,7540,2,4/18/2020,4/18/2021,1,0
783,16751,2,4/18/2020,4/18/2021,1,0
784,10856,2,4/18/2020,4/18/2021,1,0
785,9952,0,4/18/2020,5/18/2020,0,0
786,11215,2,4/18/2020,4/18/2021,1,0
787,18980,0,4/18/2020,5/18/2020,0,0
788,19268,2,4/18/2020,4/18/2021,1,0
789,104569,2,4/18/2020,4/18/2021,1,0
790,13383,2,4/18/2020,4/18/2021,1,0
791,19074,2,4/18/2020,4/18/2021,1,0
792,9070,2,4/18/2020,4/18/2021,1,0
793,38706,0,4/18/2020,5/18/2020,0,0
794,3425,2,4/18/2020,4/18/2021,1,0
795,4042,2,4/18/2020,4/18/2021,1,0
796,5186,2,4/18/2020,4/18/2021,1,0
797,7893,0,4/18/2020,5/18/2020,0,0
798,3860,0,4/18/2020,5/18/2020,0,0
799,2004,2,4/18/2020,4/18/2021,1,0
800,6643,0,4/18/2020,5/18/2020,0,0
801,23606,0,4/18/2020,5/18/2020,0,0
802,10658,2,4/18/2020,4/18/2021,1,0
803,135381,0,4/18/2020,5/18/2020,0,0
804,25211,0,4/18/2020,5/18/2020,0,0
805,23504,2,4/18/2020,4/18/2021,1,0
806,8967,2,4/18/2020,4/18/2021,1,0
807,10131,2,4/18/2020,4/18/2021,1,0
808,4318,2,4/18/2020,4/18/2021,1,0
809,21969,0,4/18/2020,5/18/2020,0,0
810,38382,2,4/18/2020,4/18/2021,1,0
811,11628,2,4/18/2020,4/18/2021,1,0
812,9018,2,4/18/2020,4/18/2021,1,0
813,2338,2,4/18/2020,4/18/2021,1,0
814,709,2,4/18/2020,4/18/2021,1,0
815,10966,2,4/18/2020,4/18/2021,1,0
816,3995,2,4/18/2020,4/18/2021,1,0
817,18286,2,4/18/2020,4/18/2021,1,0
818,37039,0,4/18/2020,5/18/2020,0,0
819,7062,2,4/18/2020,4/18/2021,1,0
820,3426,2,4/18/2020,4/18/2021,1,0
821,1369,2,4/18/2020,4/18/2021,1,0
822,24641,2,4/18/2020,4/18/2021,1,0
823,38066,2,4/18/2020,4/18/2021,1,0
824,2146,2,4/18/2020,4/18/2021,1,0
825,2589,2,4/18/2020,4/18/2021,1,0
826,8584,2,4/18/2020,4/18/2021,1,0
827,139328,2,4/18/2020,4/18/2021,1,0
828,6397,2,4/18/2020,4/18/2021,1,0
829,16414,2,4/18/2020,4/18/2021,1,0
830,1306,2,4/18/2020,4/18/2021,1,0
831,22691,0,4/18/2020,5/18/2020,0,0
832,9260,2,4/18/2020,4/18/2021,1,0
833,3583,2,4/18/2020,4/18/2021,1,0
834,21824,0,4/18/2020,5/18/2020,0,0
835,18620,2,4/18/2020,4/18/2021,1,0
836,6618,2,4/18/2020,4/18/2021,1,0
837,16259,2,4/18/2020,4/18/2021,1,0
838,10768,2,4/18/2020,4/18/2021,1,0
839,8005,2,4/18/2020,4/18/2021,1,0
840,34003,2,4/18/2020,4/18/2021,1,0
841,18123,2,4/18/2020,4/18/2021,1,0
842,6604,2,4/18/2020,4/18/2021,1,0
843,838,2,4/19/2020,4/19/2021,1,0
844,13961,0,4/19/2020,5/19/2020,0,0
845,13475,2,4/19/2020,4/19/2021,1,0
846,3513,2,4/19/2020,4/19/2021,1,0
847,2063,2,4/19/2020,4/19/2021,1,0
848,2094,2,4/19/2020,4/19/2021,1,0
849,6560,2,4/19/2020,4/19/2021,1,0
850,30719,2,4/19/2020,4/19/2021,1,0
851,15318,2,4/19/2020,4/19/2021,1,0
852,26306,0,4/19/2020,5/19/2020,0,0
853,3539,2,4/19/2020,4/19/2021,1,0
854,18732,0,4/19/2020,5/19/2020,0,0
855,8031,2,4/19/2020,4/19/2021,1,0
856,38637,2,4/19/2020,4/19/2021,1,0
857,13602,2,4/19/2020,4/19/2021,1,0
858,8478,2,4/19/2020,4/19/2021,1,0
859,26301,0,4/19/2020,5/19/2020,0,0
860,4230,2,4/19/2020,4/19/2021,1,0
861,5167,2,4/19/2020,4/19/2021,1,0
862,5299,2,4/19/2020,4/19/2021,1,0
863,21966,0,4/19/2020,5/19/2020,0,0
864,28074,0,4/19/2020,5/19/2020,0,0
865,12774,0,4/19/2020,5/19/2020,0,0
866,17747,2,4/19/2020,4/19/2021,1,0
867,30880,2,4/19/2020,4/19/2021,1,0
868,2688,2,4/19/2020,4/19/2021,1,0
869,5834,2,4/19/2020,4/19/2021,1,0
870,25622,0,4/19/2020,5/19/2020,0,0
871,3611,2,4/19/2020,4/19/2021,1,0
872,4464,2,4/19/2020,4/19/2021,1,0
873,36460,2,4/19/2020,4/19/2021,1,0
874,27022,0,4/19/2020,5/19/2020,0,0
875,21149,2,4/19/2020,4/19/2021,1,0
876,36992,0,4/19/2020,5/19/2020,0,0
878,3916,2,4/19/2020,4/19/2021,1,0
879,47907,2,4/19/2020,4/19/2021,1,0
880,37266,2,4/19/2020,4/19/2021,1,0
881,36056,2,4/19/2020,4/19/2021,1,0
882,7560,2,4/19/2020,4/19/2021,1,0
883,40499,2,4/19/2020,4/19/2021,1,0
884,30426,2,4/19/2020,4/19/2021,1,0
885,23661,2,4/19/2020,4/19/2021,1,0
886,2073,2,4/19/2020,4/19/2021,1,0
887,20267,2,4/19/2020,4/19/2021,1,0
888,27889,0,4/19/2020,5/19/2020,0,0
889,5877,2,4/19/2020,4/19/2021,1,0
890,20294,2,4/19/2020,4/19/2021,1,0
891,37092,2,4/19/2020,4/19/2021,1,0
892,82250,2,4/19/2020,4/19/2021,1,0
893,14286,2,4/19/2020,4/19/2021,1,0
894,26008,0,4/19/2020,5/19/2020,0,0
895,4922,2,4/19/2020,4/19/2021,1,0
896,15819,2,4/19/2020,4/19/2021,1,0
897,11910,0,4/19/2020,5/19/2020,0,0
898,25559,2,4/19/2020,4/19/2021,1,0
899,10690,2,4/19/2020,4/19/2021,1,0
900,1587,2,4/19/2020,4/19/2021,1,0
901,11178,2,4/19/2020,4/19/2021,1,0
902,9521,2,4/19/2020,4/19/2021,1,0
903,31042,2,4/19/2020,4/19/2021,1,0
904,1861,2,4/19/2020,4/19/2021,1,0
905,9108,2,4/19/2020,4/19/2021,1,0
906,11950,2,4/20/2020,4/20/2021,1,0
907,7182,2,4/20/2020,4/20/2021,1,0
908,1424,2,4/20/2020,4/20/2021,1,0
909,6901,2,4/20/2020,4/20/2021,1,0
910,1119,2,4/20/2020,4/20/2021,1,0
911,1142,2,4/20/2020,4/20/2021,1,0
912,7350,2,4/20/2020,4/20/2021,1,0
913,4575,2,4/20/2020,4/20/2021,1,0
914,1421,2,4/20/2020,4/20/2021,1,0
915,23927,2,4/20/2020,4/20/2021,1,0
916,19584,2,4/20/2020,4/20/2021,1,0
917,14429,2,4/20/2020,4/20/2021,1,0
918,32553,0,4/20/2020,5/20/2020,0,0
919,14491,2,4/20/2020,4/20/2021,1,0
920,4395,2,4/20/2020,4/20/2021,1,0
921,16468,2,4/20/2020,4/20/2021,1,0
922,9114,2,4/20/2020,4/20/2021,1,0
923,14303,0,4/20/2020,5/20/2020,0,0
924,3034,2,4/20/2020,4/20/2021,1,0
925,36043,2,4/20/2020,4/20/2021,1,0
926,1459,2,4/20/2020,4/20/2021,1,0
927,19261,0,4/20/2020,5/20/2020,0,0
928,3326,2,4/20/2020,4/20/2021,1,0
929,6728,2,4/20/2020,4/20/2021,1,0
930,10735,2,4/20/2020,4/20/2021,1,0
931,3708,2,4/20/2020,4/20/2021,1,0
932,1864,2,4/20/2020,4/20/2021,1,0
933,7037,2,4/20/2020,4/20/2021,1,0
934,36448,2,4/20/2020,4/20/2021,1,0
935,7275,2,4/20/2020,4/20/2021,1,0
936,15028,2,4/20/2020,4/20/2021,1,0
937,21697,2,4/20/2020,4/20/2021,1,0
938,11227,2,4/20/2020,4/20/2021,1,0
939,8002,2,4/20/2020,4/20/2021,1,0
940,17428,0,4/20/2020,5/20/2020,0,0
941,1848,0,4/20/2020,5/20/2020,0,0
942,1988,2,4/20/2020,4/20/2021,1,0
943,35147,2,4/20/2020,4/20/2021,1,0
944,5199,2,4/20/2020,4/20/2021,1,0
945,12704,2,4/20/2020,4/20/2021,1,0
946,22476,2,4/20/2020,4/20/2021,1,0
947,9362,2,4/20/2020,4/20/2021,1,0
948,2018,2,4/20/2020,4/20/2021,1,0
949,36271,2,4/20/2020,4/20/2021,1,0
950,13360,0,4/20/2020,5/20/2020,0,0
951,4112,2,4/20/2020,4/20/2021,1,0
952,12363,2,4/20/2020,4/20/2021,1,0
953,8121,2,4/20/2020,4/20/2021,1,0
954,36166,2,4/20/2020,4/20/2021,1,0
955,2312,2,4/20/2020,4/20/2021,1,0
956,27153,0,4/20/2020,5/20/2020,0,0
957,23313,0,4/20/2020,5/20/2020,0,0
958,13350,2,4/20/2020,4/20/2021,1,0
959,14520,2,4/20/2020,4/20/2021,1,0
960,3714,2,4/20/2020,4/20/2021,1,0
961,952,2,4/20/2020,4/20/2021,1,0
962,1552,2,4/20/2020,4/20/2021,1,0
963,7568,2,4/21/2020,4/21/2021,1,0
964,1270,2,4/21/2020,4/21/2021,1,0
965,5334,2,4/21/2020,4/21/2021,1,0
966,14633,2,4/21/2020,4/21/2021,1,0
967,1852,2,4/21/2020,4/21/2021,1,0
968,11026,2,4/21/2020,4/21/2021,1,0
969,35846,0,4/21/2020,5/21/2020,0,0
970,11750,2,4/21/2020,4/21/2021,1,0
971,28490,0,4/21/2020,5/21/2020,0,0
972,7065,2,4/21/2020,4/21/2021,1,0
973,17851,2,4/21/2020,4/21/2021,1,0
974,2945,2,4/21/2020,4/21/2021,1,0
975,2512,2,4/21/2020,4/21/2021,1,0
976,12608,2,4/21/2020,4/21/2021,1,0
977,1033,2,4/21/2020,4/21/2021,1,0
978,26051,0,4/21/2020,5/21/2020,0,0
979,25401,0,4/21/2020,5/21/2020,0,0
980,9444,0,4/21/2020,5/21/2020,0,0
981,35762,2,4/21/2020,4/21/2021,1,0
982,33658,2,4/21/2020,4/21/2021,1,0
983,20118,2,4/21/2020,4/21/2021,1,0
984,5113,2,4/21/2020,4/21/2021,1,0
985,14173,0,4/21/2020,5/21/2020,0,0
986,7656,2,4/21/2020,4/21/2021,1,0
987,7512,2,4/21/2020,4/21/2021,1,0
988,19636,2,4/21/2020,4/21/2021,1,0
989,7512,2,4/21/2020,4/21/2021,1,0
991,24487,2,4/21/2020,4/21/2021,1,0
992,3248,2,4/21/2020,4/21/2021,1,0
993,5532,2,4/21/2020,4/21/2021,1,0
994,7179,2,4/21/2020,4/21/2021,1,0
995,113546,2,4/21/2020,4/21/2021,1,0
996,17971,2,4/21/2020,4/21/2021,1,0
997,2331,2,4/21/2020,4/21/2021,1,0
998,11768,2,4/21/2020,4/21/2021,1,0
999,142371,2,4/21/2020,4/21/2021,1,0
1000,4347,2,4/21/2020,4/21/2021,1,0
1001,2257,2,4/21/2020,4/21/2021,1,0
1002,42318,2,4/21/2020,4/21/2021,1,0
1003,11133,2,4/21/2020,4/21/2021,1,0
1004,930,2,4/21/2020,4/21/2021,1,0
1005,6669,2,4/21/2020,4/21/2021,1,0
1006,4683,2,4/21/2020,4/21/2021,1,0
1007,32573,2,4/21/2020,4/21/2021,1,0
1008,16358,2,4/21/2020,4/21/2021,1,0
1009,16358,2,4/21/2020,4/21/2021,1,0
1010,5430,2,4/21/2020,4/21/2021,1,0
1012,5669,2,4/21/2020,4/21/2021,1,0
1013,389,2,4/21/2020,4/21/2021,1,0
1014,13233,0,4/21/2020,5/21/2020,0,0
1015,53078,2,4/21/2020,4/21/2021,1,0
1016,5345,2,4/21/2020,4/21/2021,1,0
1017,10398,2,4/21/2020,4/21/2021,1,0
1018,42091,2,4/21/2020,4/21/2021,1,0
1019,22364,2,4/21/2020,4/21/2021,1,0
1020,52075,2,4/21/2020,4/21/2021,1,0
1021,41263,2,4/21/2020,4/21/2021,1,0
1022,6182,2,4/21/2020,4/21/2021,1,0
1023,7614,2,4/21/2020,4/21/2021,1,0
1024,4001,2,4/21/2020,4/21/2021,1,0
1025,782,2,4/21/2020,4/21/2021,1,0
1026,14470,2,4/21/2020,4/21/2021,1,0
1027,7745,2,4/21/2020,4/21/2021,1,0
1028,4665,2,4/21/2020,4/21/2021,1,0
1030,96920,2,4/21/2020,4/21/2021,1,0
1031,18719,2,4/21/2020,4/21/2021,1,0
1032,5574,2,4/21/2020,4/21/2021,1,0
1033,3365,2,4/21/2020,4/21/2021,1,0
1034,1866,2,4/21/2020,4/21/2021,1,0
1035,16169,0,4/21/2020,5/21/2020,0,0
1036,988,2,4/21/2020,4/21/2021,1,0
1037,6887,2,4/21/2020,4/21/2021,1,0
1038,6394,2,4/22/2020,4/22/2021,1,0
1039,15167,2,4/22/2020,4/22/2021,1,0
1040,20515,2,4/22/2020,4/22/2021,1,0
1041,22217,2,4/22/2020,4/22/2021,1,0
1042,5852,2,4/22/2020,4/22/2021,1,0
1043,3664,2,4/22/2020,4/22/2021,1,0
1044,54266,2,4/22/2020,4/22/2021,1,0
1045,12191,2,4/22/2020,4/22/2021,1,0
1046,19229,2,4/22/2020,4/22/2021,1,0
1047,4633,2,4/22/2020,4/22/2021,1,0
1048,2295,2,4/22/2020,4/22/2021,1,0
1049,14965,2,4/22/2020,4/22/2021,1,0
1050,1216,2,4/22/2020,4/22/2021,1,0
1051,956,2,4/22/2020,4/22/2021,1,0
1052,1125,2,4/22/2020,4/22/2021,1,0
1053,4991,2,4/22/2020,4/22/2021,1,0
1054,22253,0,4/22/2020,5/22/2020,0,0
1055,1379,2,4/22/2020,4/22/2021,1,0
1056,12926,2,4/22/2020,4/22/2021,1,0
1057,13989,2,4/22/2020,4/22/2021,1,0
1058,34981,2,4/22/2020,4/22/2021,1,0
1059,919,2,4/22/2020,4/22/2021,1,0
1060,5058,2,4/22/2020,4/22/2021,1,0
1061,9391,0,4/22/2020,5/22/2020,0,0
1062,12207,2,4/22/2020,4/22/2021,1,0
1063,27617,0,4/22/2020,5/22/2020,0,0
1064,1052,2,4/22/2020,4/22/2021,1,0
1065,12732,2,4/22/2020,4/22/2021,1,0
1066,10732,2,4/22/2020,4/22/2021,1,0
1067,10272,2,4/22/2020,4/22/2021,1,0
1068,3682,2,4/22/2020,4/22/2021,1,0
1069,8950,2,4/22/2020,4/22/2021,1,0
1070,16359,2,4/22/2020,4/22/2021,1,0
